registry_id,primary_name,latitude83,longitude83,naics_code,inWECC
110070333120,WA317938698 - S&S PETROLEUM INC,46.603422,-120.530586,324110,True
110000469136,"HF SINCLAIR WOODS CROSS REFINING, LLC",40.886022,-111.904759,324110,True
110000469136,"HF SINCLAIR WOODS CROSS REFINING, LLC",40.886022,-111.904759,324110,True
110000469136,"HF SINCLAIR WOODS CROSS REFINING, LLC",40.886022,-111.904759,324110,True
110071871942,SILVER EAGLE REFINING - WOODS CROSS INC.- PETROLEUM PRODUCTS REFINING,40.8675,-111.91111,324110,True
110070324965,HOLLYFRONTIER REFINING,40.88649,-111.90202,324110,True
110000469136,"HF SINCLAIR WOODS CROSS REFINING, LLC",40.886022,-111.904759,324110,True
110000469136,"HF SINCLAIR WOODS CROSS REFINING, LLC",40.886022,-111.904759,324110,True
110000469136,"HF SINCLAIR WOODS CROSS REFINING, LLC",40.886022,-111.904759,324110,True
110001880698,GOLDEN EAGLE REFINERY INC,40.87467,-111.92154,324110,True
110000469136,"HF SINCLAIR WOODS CROSS REFINING, LLC",40.886022,-111.904759,324110,True
110000469136,"HF SINCLAIR WOODS CROSS REFINING, LLC",40.886022,-111.904759,324110,True
110058916053,THERMO FLUIDS INC,40.86162,-111.927307,324110,True
110038157151,MARATHON LOS ANGELES REFINERY WILMINGTON,33.791667,-118.234722,324110,True
110038157151,MARATHON LOS ANGELES REFINERY WILMINGTON,33.791667,-118.234722,324110,True
110038157151,MARATHON LOS ANGELES REFINERY WILMINGTON,33.791667,-118.234722,324110,True
110038157151,MARATHON LOS ANGELES REFINERY WILMINGTON,33.791667,-118.234722,324110,True
110000476057,ULTRAMAR INC MARINE TERMINAL,33.75828,-118.26676,324110,True
110038157151,MARATHON LOS ANGELES REFINERY WILMINGTON,33.791667,-118.234722,324110,True
110000476057,ULTRAMAR INC MARINE TERMINAL,33.75828,-118.26676,324110,True
110038157151,MARATHON LOS ANGELES REFINERY WILMINGTON,33.791667,-118.234722,324110,True
110038157151,MARATHON LOS ANGELES REFINERY WILMINGTON,33.791667,-118.234722,324110,True
110038157151,MARATHON LOS ANGELES REFINERY WILMINGTON,33.791667,-118.234722,324110,True
110071795285,"TESORO REFINING AND MARKETING CO, LLC",33.7956,-118.2331,324110,True
110071795141,ULTRAMAR INC,33.7783,-118.2351,324110,True
110000476057,ULTRAMAR INC MARINE TERMINAL,33.75828,-118.26676,324110,True
110000476057,ULTRAMAR INC MARINE TERMINAL,33.75828,-118.26676,324110,True
110012228712,VALERO OLYMPIC TANK FARM,33.788665,-118.241588,324110,True
110071791616,PHILLIPS 66 CO/LA REFINERY WILMINGTON PL,33.774469,-118.290696,324110,True
110038157151,MARATHON LOS ANGELES REFINERY WILMINGTON,33.791667,-118.234722,324110,True
110070628812,TESORO REFINING & MARKETING COMPANY LLC - LAR,33.791667,-118.234722,324110,True
110038157151,MARATHON LOS ANGELES REFINERY WILMINGTON,33.791667,-118.234722,324110,True
110038157151,MARATHON LOS ANGELES REFINERY WILMINGTON,33.791667,-118.234722,324110,True
110071795141,ULTRAMAR INC,33.7783,-118.2351,324110,True
110000476057,ULTRAMAR INC MARINE TERMINAL,33.75828,-118.26676,324110,True
110071795285,"TESORO REFINING AND MARKETING CO, LLC",33.7956,-118.2331,324110,True
110038157151,MARATHON LOS ANGELES REFINERY WILMINGTON,33.791667,-118.234722,324110,True
110030747057,EQUILON ENTERPRISES LLC SHELL OIL PROD,33.755361,-118.267115,324110,True
110071791616,PHILLIPS 66 CO/LA REFINERY WILMINGTON PL,33.774469,-118.290696,324110,True
110030747057,EQUILON ENTERPRISES LLC SHELL OIL PROD,33.755361,-118.267115,324110,True
110071780574,MATRIX OIL CORPORATION - RIDEOUT HEIGHTS,34.0051,-118.05595,324110,True
110040449636,THERMO FLUIDS INC. WHITE CITY,42.43143,-122.88056,324110,True
110040449636,THERMO FLUIDS INC. WHITE CITY,42.43143,-122.88056,324110,True
110014132189,"BILL TERPENING, INC.",42.42731,-122.85269,324110,True
110014157125,VALLEY SLURRY SEAL COMPANY,42.42902,-122.85884,324110,True
110041047426,NEWCASTLE REFINERY,43.8499,-104.2147,324110,True
110055748302,"NORTH STAR BIOFUELS, LLC.",36.9048,-121.7701,324110,True
110010368191,CITATION OIL AND GAS (PREV. EXXON),40.304444,-109.371388,324110,True
110040417661,NORTH SHORE AVIATION,21.579725,-158.1792,324110,False
110002058996,NORTHWEST PIPELINE GP,40.4464,-109.51891,324110,True
110070591852,SUN AIR JETS,34.215417,-118.483709,324110,True
110000477136,SHELL OIL PRODUCTS US VAN NUYS TERMINAL,34.215885,-118.475029,324110,True
110000477136,SHELL OIL PRODUCTS US VAN NUYS TERMINAL,34.215885,-118.475029,324110,True
110014260833,"RMAC INTERNATIONAL, INC.",45.55292,-122.42314,324110,True
110001163204,SAN PABLO BAY PIPELINE COMPANY LLC,37.718747,-121.53705,324110,True
110001163204,SAN PABLO BAY PIPELINE COMPANY LLC,37.718747,-121.53705,324110,True
110002743032,EXXONMOBIL OIL COKE BARN,33.854658,-118.328737,324110,True
110002743032,EXXONMOBIL OIL COKE BARN,33.854658,-118.328737,324110,True
110000600957,FORELAND REFINING TONOPAH REFINERY,38.057858,-117.097186,324110,True
110000600957,FORELAND REFINING TONOPAH REFINERY,38.057858,-117.097186,324110,True
110000600957,FORELAND REFINING TONOPAH REFINERY,38.057858,-117.097186,324110,True
110000600957,FORELAND REFINING TONOPAH REFINERY,38.057858,-117.097186,324110,True
110023036249,PORT OF TOLEDO,44.62119,-123.94107,324110,True
110071646624,US OIL AND REFINING CO MARINE TERMINAL,47.26794,-122.4,324110,True
110040489138,ARIZONA CLEAN FUELS - YUMA REFINERY,32.728025,-113.8015,324110,True
110040489138,ARIZONA CLEAN FUELS - YUMA REFINERY,32.728025,-113.8015,324110,True
110040489138,ARIZONA CLEAN FUELS - YUMA REFINERY,32.728025,-113.8015,324110,True
110040901824,SAN LUIS TANK PIPING CONSTRUCT,34.22769,-118.29815,324110,True
110007652469,NWPMG00002 FORMER TEXACO SUNBURST WORKS,48.876582,-111.909682,324110,True
110004296814,THERMO FLUIDS INC,39.5295,-119.74339,324110,True
110040985556,CHEMOIL REFINING CORP,33.794409,-118.172022,324110,True
110040985556,CHEMOIL REFINING CORP,33.794409,-118.172022,324110,True
110007654127,SHELBY REFINERY,48.50653,-111.85763,324110,True
110005381149,NATIVE BRIGHTWORKS,47.642761,-122.343769,324110,True
110022932399,SEATTLE BIODIESEL LLC,47.546292,-122.334875,324110,True
110010371016,UNOCAL,34.43389,-118.6465,324110,True
110000481817,GREKA REFINING COMPANY,34.929609,-120.511998,324110,True
110000481817,GREKA REFINING COMPANY,34.929609,-120.511998,324110,True
110000481817,GREKA REFINING COMPANY,34.929609,-120.511998,324110,True
110064682222,"GREKA ENERGY, SANTA MARIA REFINERY",34.93074,-120.51013,324110,True
110000481817,GREKA REFINING COMPANY,34.929609,-120.511998,324110,True
110000481817,GREKA REFINING COMPANY,34.929609,-120.511998,324110,True
110071772637,SANTA MARIA ASPHALT REFINERY,34.9352,-120.5096,324110,True
110000481817,GREKA REFINING COMPANY,34.929609,-120.511998,324110,True
110071772637,SANTA MARIA ASPHALT REFINERY,34.9352,-120.5096,324110,True
110010478571,SANTA FE SPRINGS REFINERY,33.912514,-118.044231,324110,True
110010478571,SANTA FE SPRINGS REFINERY,33.912514,-118.044231,324110,True
110000730718,CENCO REFINING CO.,33.931139,-118.068744,324110,True
110010478571,SANTA FE SPRINGS REFINERY,33.912514,-118.044231,324110,True
110071719236,CENCO OIL,33.92995,-118.06108,324110,True
110010478571,SANTA FE SPRINGS REFINERY,33.912514,-118.044231,324110,True
110046279273,TESORO LOGISTICS OPERATIONS DIG SITE #8,40.788898,-111.904423,324110,True
110022322501,TESORO,40.77142,-111.93858,324110,True
110002029778,CHEVRON MARKETING,40.82147,-111.92162,324110,True
110071859040,CHEVRON PRODUCTS COMPANY - SALT LAKE REFINERY,40.8249,-111.9238,324110,True
110056155770,TESORO 62104,40.725469,-111.876722,324110,True
110000913218,PENNZOIL PRODUCTS COMPANY,40.388509,-110.12562,324110,True
110038773761,INLAND PRODUCTION COMPANY,40.27193,-110.12287,324110,True
110000913218,PENNZOIL PRODUCTS COMPANY,40.388509,-110.12562,324110,True
110071284326,PHILLIPS 66 COMPANY - SAN FRANCISCO REFINERY,38.043508,-122.253603,324110,True
110056155752,TESORO 62087,40.522639,-111.92975,324110,True
110069707106,DANIEL R. HENSLEY,33.895979,-117.399867,324110,True
110055840755,VAN UNEN/MIERSMA PROPANE  INC,37.772867,-121.17633,324110,True
110055840755,VAN UNEN/MIERSMA PROPANE  INC,37.772867,-121.17633,324110,True
110002614449,MARINE SPILL RESPONSE CORP,37.912842,-122.368433,324110,True
110070317460,CHEVRON GEOLOGY WAREHOUSE,37.946097,-122.367762,324110,True
110000483842,CHEVRON RICHMOND TECHNOLOGY CENTER,37.93047,-122.38944,324110,True
110070317460,CHEVRON GEOLOGY WAREHOUSE,37.946097,-122.367762,324110,True
110070097298,THE INTERNATIONAL GROUP INC,37.92526,-122.36891,324110,True
110022697312,WESTERN REFINING - WINGATE FACILITY,35.535366,-108.644968,324110,True
110014145442,"TYREE OIL, INC.",43.706165,-124.101707,324110,True
110067216060,BADAMI DEVELOPMENT FACILITY,70.150997,-147.097369,324110,False
110010681707,HILCORP ALASKA GREATER PRUDHOE BAY GATHERING CENTERS AND WELL PADS,70.293892,-148.704274,324110,False
110064404700,MILNE POINT UNIT,70.32224,-149.40223,324110,False
110014157081,READY MIX ASPHALT BATCH PLANT (FORMER),45.8466,-119.6576,324110,True
110012479683,ZENITH ENERGY TERMINALS HOLDINGS LLC  - PORTLAND TERMINAL,45.560503,-122.736495,324110,True
110070295694,317713002 - OIL RE REFINING CO INC,45.61459,-122.71092,324110,True
110014163369,US POSTAL SERVICE,45.52731,-122.67922,324110,True
110001653746,OWENS CORNING PORTLAND ROOFING PLANT,45.5484,-122.7199,324110,True
110012479683,ZENITH ENERGY TERMINALS HOLDINGS LLC  - PORTLAND TERMINAL,45.560503,-122.736495,324110,True
110014261850,SEAPORT PORTLAND TERMINAL,45.5943,-122.7796,324110,True
110012479683,ZENITH ENERGY TERMINALS HOLDINGS LLC  - PORTLAND TERMINAL,45.560503,-122.736495,324110,True
110012479683,ZENITH ENERGY TERMINALS HOLDINGS LLC  - PORTLAND TERMINAL,45.560503,-122.736495,324110,True
110008062210,OWENS-CORNING TRUMBULL ASPHALT LINNTON PLANT,45.608484,-122.790595,324110,True
110012479683,ZENITH ENERGY TERMINALS HOLDINGS LLC  - PORTLAND TERMINAL,45.560503,-122.736495,324110,True
110012479683,ZENITH ENERGY TERMINALS HOLDINGS LLC  - PORTLAND TERMINAL,45.560503,-122.736495,324110,True
110001656351,ECOLUBE RECOVERY,45.606389,-122.694028,324110,True
110000487580,PENNZOIL-QUAKER STATE CO DBA SOPUS PRODUCTS-PORTLAND,45.582374,-122.670196,324110,True
110070408619,TESORO PORT HUENEME,34.146639,-119.20156,324110,True
110070332330,NUSTAR LOGISTICS  L P,38.02966,-121.91535,324110,True
110021327857,TESORO REFINING AND MARKETING,38.023472,-121.906639,324110,True
110010485260,DIABLO SERVICES CORP,38.03238,-121.88441,324110,True
110002568338,CONOCO PHILLIPS - PHOENIX TERMINAL,33.44779,-112.16915,324110,True
110017206156,EQUILON ENTERPRISES LLC PHOENIX SALES TERMINAL,33.45123,-112.17537,324110,True
110001132621,SEAPORT PETROLEUM CORP,33.448096,-112.182142,324110,True
110039356167,"CALJET OF AMERICA, INC. PHOENIX TERMINAL #1",33.449221,-112.17616,324110,True
110015931964,LIQUID TITAN TRANSMIX FACILITY,34.002236,-114.227143,324110,True
110015931964,LIQUID TITAN TRANSMIX FACILITY,34.002236,-114.227143,324110,True
110000475940,PARAMOUNT PETROLEUM CORPORATION REFINERY,33.899645,-118.15141,324110,True
110000475940,PARAMOUNT PETROLEUM CORPORATION REFINERY,33.899645,-118.15141,324110,True
110000475940,PARAMOUNT PETROLEUM CORPORATION REFINERY,33.899645,-118.15141,324110,True
110071795232,PARAMOUNT PETR CORP,33.89991,-118.15,324110,True
110000475940,PARAMOUNT PETROLEUM CORPORATION REFINERY,33.899645,-118.15141,324110,True
110000475940,PARAMOUNT PETROLEUM CORPORATION REFINERY,33.899645,-118.15141,324110,True
110000475940,PARAMOUNT PETROLEUM CORPORATION REFINERY,33.899645,-118.15141,324110,True
110000475940,PARAMOUNT PETROLEUM CORPORATION REFINERY,33.899645,-118.15141,324110,True
110000475940,PARAMOUNT PETROLEUM CORPORATION REFINERY,33.899645,-118.15141,324110,True
110071795232,PARAMOUNT PETR CORP,33.89991,-118.15,324110,True
110000914093,UNOCAL SHALE OIL FACILITY,39.491261,-108.113027,324110,True
110040924578,MT POSO TANK FARM,35.46389,-119.03857,324110,True
110071798580,TRICOR REFINING  LLC,35.444781,-119.03662,324110,True
110002304845,WILLIAMS INTERNATIONAL CO LLC,41.20191,-112.00906,324110,True
110055089149,PETRO STAR NORTH POLE REFINERY,64.733253,-147.344964,324110,False
110055089149,PETRO STAR NORTH POLE REFINERY,64.733253,-147.344964,324110,False
110071817580,GVEA TANK FARM (PETRO STAR INC.),64.73438,-147.34373,324110,False
110055089149,PETRO STAR NORTH POLE REFINERY,64.733253,-147.344964,324110,False
110044875668,FLINT HILLS NORTH POLE,64.737264,-147.34844,324110,False
110044875668,FLINT HILLS NORTH POLE,64.737264,-147.34844,324110,False
110055089149,PETRO STAR NORTH POLE REFINERY,64.733253,-147.344964,324110,False
110055089149,PETRO STAR NORTH POLE REFINERY,64.733253,-147.344964,324110,False
110002142066,NEWHALL REFINING CO INC,34.348882,-118.504717,324110,True
110007209680,UNION PACIFIC RESOURCES LODGE POLE SITE,40.916598,-111.398785,324110,True
110041028802,CASPER REFINERY,42.8605,-106.2425,324110,True
110071424105,TWELVE - MOSES LAKE SITE,47.1246,-119.199806,324110,True
110042346388,HI TECH AUTO BODY,38.50884,-107.88509,324110,True
110071269098,ELK PETROLEUM - ANETH UNIT,37.255699,-109.329014,324110,True
110071435206,ELK PETROLEUM - MCELMO UNIT,37.255699,-109.329014,324110,True
110071269098,ELK PETROLEUM - ANETH UNIT,37.255699,-109.329014,324110,True
110065713393,MILLBRAE FIRE DEPT,37.60238,-122.39639,324110,True
110014213706,MEDFORD FUEL,42.31758,-122.86471,324110,True
110008259838,MCKITTRICK 17Z GAS PLANT,35.374801,-119.677987,324110,True
110031287015,GOLDEN GATE PETROLEUM,39.54782,-119.49692,324110,True
110031287015,GOLDEN GATE PETROLEUM,39.54782,-119.49692,324110,True
110012442776,LANDRY SERVICE CO INC,38.01845,-122.12252,324110,True
110071724213,"MARTINEZ REFINING COMPANY LLC (PREVIOUSLY SHELL OIL PRODUCTS US, MARTINEZ REF.)",38.016594,-122.115392,324110,True
110071748846,TESORO REFINING & MARKETING COMPANY  LLC,38.023998,-122.123833,324110,True
110000483254,SHELL CHEMICAL LP - MARTINEZ CATAYST PLANT,38.025771,-122.11613,324110,True
110055705857,THOMAS PETROLEUM DBA EASTERN SIERRA OIL CO. MAMMOTH CARD LOCK,37.642914,-118.951729,324110,True
110055705857,THOMAS PETROLEUM DBA EASTERN SIERRA OIL CO. MAMMOTH CARD LOCK,37.642914,-118.951729,324110,True
110014085685,MADRAS CARDLOCK,44.65923,-121.13756,324110,True
110001431950,REX OIL CO INC,40.222956,-105.269921,324110,True
110001431950,REX OIL CO INC,40.222956,-105.269921,324110,True
110001431950,REX OIL CO INC,40.222956,-105.269921,324110,True
110005583458,C&H REFINERY (FORMERLY),42.755259,-104.455966,324110,True
110070363039,NAVAJO REFINING,32.879253,-103.297137,324110,False
110000600886,"NAVAJO REFINING COMPANY, LLC - LOVINGTON REFINERY",32.880278,-103.302778,324110,False
110022780196,HF SINCLAIR NAVAJO REFINING LLC (LOVINGTON),32.879397,-103.30048,324110,False
110000600886,"NAVAJO REFINING COMPANY, LLC - LOVINGTON REFINERY",32.880278,-103.302778,324110,False
110000600886,"NAVAJO REFINING COMPANY, LLC - LOVINGTON REFINERY",32.880278,-103.302778,324110,False
110071870703,HF SINCLAIR NAVAJO REFINING LLC (LOVINGTON),32.879397,-103.300476,324110,False
110000600886,"NAVAJO REFINING COMPANY, LLC - LOVINGTON REFINERY",32.880278,-103.302778,324110,False
110070314407,CHEVRON USA INC,35.6162,-119.65315,324110,True
110028004175,PHILLIPS 66 LOS ANGELES LUBRICANTS TERMINAL,33.90736,-118.2784,324110,True
110070509607,HOLLAND CONSTRUCTION,34.045974,-118.261716,324110,True
110012434892,UNION OIL CO OF CAL,34.27432,-118.57604,324110,True
110038619714,COX PETROLEUM,40.16014,-105.10672,324110,True
110038619714,COX PETROLEUM,40.16014,-105.10672,324110,True
110038619670,BERTHOUD OIL CO,40.159584,-105.10255,324110,True
110038619750,LONGMONT CO-OP,40.16237,-105.08939,324110,True
110038619750,LONGMONT CO-OP,40.16237,-105.08939,324110,True
110002365075,BARTKUS OIL CO,40.16394,-105.09599,324110,True
110009455357,CITY OIL-CHEVRON,40.16394,-105.097768,324110,True
110002365075,BARTKUS OIL CO,40.16394,-105.09599,324110,True
110009455357,CITY OIL-CHEVRON,40.16394,-105.097768,324110,True
110038619670,BERTHOUD OIL CO,40.159584,-105.10255,324110,True
110002365075,BARTKUS OIL CO,40.16394,-105.09599,324110,True
110070554422,BRIDGE POINT LONG BEACH LLC,33.87369,-118.16218,324110,True
110001150138,TIDELANDS OIL PRODUCTION COMPANY ETAL,33.76518,-118.20927,324110,True
110000476315,EDGINGTON OIL CO,33.87461,-118.16412,324110,True
110054247294,TIDELANDS OIL PRODUCTION COMPANY,33.744421,-118.212367,324110,True
110000476315,EDGINGTON OIL CO,33.87461,-118.16412,324110,True
110000476315,EDGINGTON OIL CO,33.87461,-118.16412,324110,True
110000476315,EDGINGTON OIL CO,33.87461,-118.16412,324110,True
110054247178,TIDELANDS OIL PRODUCTION COMPANY,33.752038,-118.208004,324110,True
110001138956,"TESORO REF & MKTG CO LLC,CALCINER",33.7762,-118.2279,324110,True
110071777111,"TIDELANDS OIL PRODUCTION COMPANY, ETAL",33.75993,-118.2163,324110,True
110002945957,POWERINE OIL COMPANY,33.73792,-118.307933,324110,True
110071777111,"TIDELANDS OIL PRODUCTION COMPANY, ETAL",33.75993,-118.2163,324110,True
110012437899,INDUSTRIAL PROCESS & CHEM CO,33.83722,-118.23728,324110,True
110071774214,PARAMOUNT PETR CORP,33.90029,-118.15058,324110,True
110038616076,DUGGAN PETROLEUM,39.621614,-105.015779,324110,True
110038616076,DUGGAN PETROLEUM,39.621614,-105.015779,324110,True
110001881893,KEMCO OIL AND CHEMICAL,40.38842,-111.82837,324110,True
110070309987,CHS,45.659301,-108.765605,324110,True
110038619661,BOULDER VALLEY OIL,39.9992,-105.09049,324110,True
110038619689,GEORGE OIL,40.00021,-105.09697,324110,True
110038619689,GEORGE OIL,40.00021,-105.09697,324110,True
110038619661,BOULDER VALLEY OIL,39.9992,-105.09049,324110,True
110060899032,CHEMTURA ASPHALT PLANT,42.19935,-121.75351,324110,True
110021358519,PETROLEUM REFINERY,36.741153,-108.346949,324110,True
110000522818,KINGSBURG COGENERATION FACILITY,36.546786,-119.579404,324110,True
110071079004,PACIFIC BIODIESEL,19.633956,-155.05194,324110,False
110000486322,PAR EAST REFINERY,21.3041,-158.0912,324110,False
110070788689,PAR WEST REFINERY,21.31948,-158.116295,324110,False
110000486322,PAR EAST REFINERY,21.3041,-158.0912,324110,False
110000486322,PAR EAST REFINERY,21.3041,-158.0912,324110,False
110000486322,PAR EAST REFINERY,21.3041,-158.0912,324110,False
110070788689,PAR WEST REFINERY,21.31948,-158.116295,324110,False
110000486322,PAR EAST REFINERY,21.3041,-158.0912,324110,False
110000486322,PAR EAST REFINERY,21.3041,-158.0912,324110,False
110070239796,BHPPARI (BHP PETROLEUM),21.311415,-158.093615,324110,False
110000486322,PAR EAST REFINERY,21.3041,-158.0912,324110,False
110071648108,PAR WEST REFINERY,21.311757,-158.114965,324110,False
110071399560,IES - KAPOLEI,21.31366,-158.091235,324110,False
110041598571,TESORO -  BARBERS POINT MARINE LOADING,21.322039,-158.11451,324110,False
110000486322,PAR EAST REFINERY,21.3041,-158.0912,324110,False
110004004023,RELIANCE REFINING COMPANY,48.19766,-114.3118,324110,True
110070515670,SADDLEHORN INTERCONNECT 16-16-1222-12,40.203437,-104.609528,324110,True
110039592278,GRANITE CONSTRUCTION,45.89478,-119.31103,324110,True
110070224915,MBT NEVADA LLC,36.061042,-115.022254,324110,True
110064326830,MID AMERICA AGRIPRODUCTS-HAXTUN,40.6324,-102.589,324110,True
110064326830,MID AMERICA AGRIPRODUCTS-HAXTUN,40.6324,-102.589,324110,True
110064326830,MID AMERICA AGRIPRODUCTS-HAXTUN,40.6324,-102.589,324110,True
110071777376,BREA CANON OIL COMPANY INC,33.807612,-118.299383,324110,True
110071777376,BREA CANON OIL COMPANY INC,33.807612,-118.299383,324110,True
110009529108,BEACON OIL COMPANY,36.3213,-119.65246,324110,True
110070646288,FORMER GORDON OIL REFINERY,44.464489,-108.058373,324110,True
110014132125,BILL TERPENING INC - GRANTS PASS,42.4248,-123.32886,324110,True
110002377231,MESA OIL INC,39.85,-105.2,324110,True
110002377231,MESA OIL INC,39.85,-105.2,324110,True
110071870889,WESTERN REFINING - GALLUP REFINERY,35.490278,-108.425,324110,True
110038636517,WESFRAC - MERGED WITH PLANT 0770089,39.21455,-108.65307,324110,True
110015848528,LANDMARK PETROLEUM INC,39.16252,-108.72468,324110,True
110015848528,LANDMARK PETROLEUM INC,39.16252,-108.72468,324110,True
110000912683,WESTERN SLOPE REFINING CO,39.135556,-108.693611,324110,True
110038636517,WESFRAC - MERGED WITH PLANT 0770089,39.21455,-108.65307,324110,True
110015848528,LANDMARK PETROLEUM INC,39.16252,-108.72468,324110,True
110055885895,"PAPÉ TRUCKS, INC.",37.85763,-121.28077,324110,True
110055885895,"PAPÉ TRUCKS, INC.",37.85763,-121.28077,324110,True
110002339719,FREDONIA STANDBY FACILITY,36.97275,-112.51957,324110,True
110070290411,WA317936970 - PHILLIPS 66 COMPANY,48.83392,-122.68808,324110,True
110070290412,WA317936973 - PHILLIPS 66 COMPANY,48.83392,-122.68808,324110,True
110021159360,FARMINGTON REFINERY,36.70576,-108.08939,324110,True
110022742914,GIANT REFINERY,36.8262,-108.96922,324110,True
110037149975,KNIFE RIVER EUGENE READY-MIX,44.099166,-123.10818,324110,True
110020516529,FORELAND REFINING CORP EAGLE SPRINGS REFINERY,39.36108,-114.88159,324110,True
110020516529,FORELAND REFINING CORP EAGLE SPRINGS REFINERY,39.36108,-114.88159,324110,True
110020516529,FORELAND REFINING CORP EAGLE SPRINGS REFINERY,39.36108,-114.88159,324110,True
110020516529,FORELAND REFINING CORP EAGLE SPRINGS REFINERY,39.36108,-114.88159,324110,True
110069446148,"PETRO SOURCE REFINING PARTNERS, EAGLE SPRINGS REFINERY",38.6222,-115.6189,324110,True
110071870774,EAGLE SPRINGS REFINERY,38.6222,-115.6189,324110,True
110020516529,FORELAND REFINING CORP EAGLE SPRINGS REFINERY,39.36108,-114.88159,324110,True
110018885731,"AIR LIQUIDE LARGE INDUSTRIES U.S., LP",33.905833,-118.401944,324110,True
110071795143,CHEVRON PRODUCTS CO.,33.9082,-118.4085,324110,True
110071795143,CHEVRON PRODUCTS CO.,33.9082,-118.4085,324110,True
110001694505,EQUILON PHOENIX TRANSMIX FACILITY,33.56546,-112.32067,324110,True
110001694505,EQUILON PHOENIX TRANSMIX FACILITY,33.56546,-112.32067,324110,True
110001694505,EQUILON PHOENIX TRANSMIX FACILITY,33.56546,-112.32067,324110,True
110070504319,ELK GROVE TERMINAL,38.39161,-121.35292,324110,True
110070504319,ELK GROVE TERMINAL,38.39161,-121.35292,324110,True
110070504319,ELK GROVE TERMINAL,38.39161,-121.35292,324110,True
110000500798,PARAMOUNT PETROLEUM CORP LUST SITE,47.781544,-122.394959,324110,True
110000500798,PARAMOUNT PETROLEUM CORP LUST SITE,47.781544,-122.394959,324110,True
110000500798,PARAMOUNT PETROLEUM CORP LUST SITE,47.781544,-122.394959,324110,True
110000500798,PARAMOUNT PETROLEUM CORP LUST SITE,47.781544,-122.394959,324110,True
110000500798,PARAMOUNT PETROLEUM CORP LUST SITE,47.781544,-122.394959,324110,True
110000500798,PARAMOUNT PETROLEUM CORP LUST SITE,47.781544,-122.394959,324110,True
110071889048,FUELOGISTICS - DUCHESNE PETROLEUM REFINING PLANT,40.25901,-109.95304,324110,True
110042255234,ANTELOPE REFINING,43.020278,-105.274444,324110,True
110042255234,ANTELOPE REFINING,43.020278,-105.274444,324110,True
110007093876,REX OIL CO INC,39.7892,-104.98754,324110,True
110038621596,SALES OIL CO,39.679228,-104.923617,324110,True
110038621587,MERCHANTS OIL - MERCHANTS OIL -,39.714725,-104.992237,324110,True
110038621587,MERCHANTS OIL - MERCHANTS OIL -,39.714725,-104.992237,324110,True
110009557675,FARMERS UNION COOP,39.770078,-104.99483,324110,True
110071724055,FARMERS UNION COOP,39.770078,-104.99483,324110,True
110001436768,"COLORADO PETROLEUM, INC",39.77266,-104.98944,324110,True
110001431433,REX OIL,39.73095,-105.02171,324110,True
110007093876,REX OIL CO INC,39.7892,-104.98754,324110,True
110064272914,COLORADO PETROLEUM PRODUCTS,39.79973,-104.96409,324110,True
110038621596,SALES OIL CO,39.679228,-104.923617,324110,True
110001431433,REX OIL,39.73095,-105.02171,324110,True
110001436768,"COLORADO PETROLEUM, INC",39.77266,-104.98944,324110,True
110070315627,CONOCO PHILLIPS COMPANY,70.28921,-149.887676,324110,False
110040653405,FLYING J INC CUT BANK REFINERY,48.607317,-112.247768,324110,True
110042169382,FORMER CARTER OIL REFINERY,48.637,-112.37,324110,True
110070209401,CRESTON BIODIESEL REFINERY,47.758782,-118.535947,324110,True
110000781039,SUNBELT REFINING CO.,32.92299,-111.50394,324110,True
110001192156,CHEVRON SERVICE STATION,37.96504,-121.99309,324110,True
110038612748,PURECYCLE CORP,39.7993,-104.959428,324110,True
110064221532,OFFEN PETROLEUM INC,39.797413,-104.954284,324110,True
110064221532,OFFEN PETROLEUM INC,39.797413,-104.954284,324110,True
110038612748,PURECYCLE CORP,39.7993,-104.959428,324110,True
110070648379,YELLOWSTONE CODY REFINERY,44.544501,-109.074105,324110,True
110002274725,PINEVIEW STATION,40.936457,-111.150654,324110,True
110055926351,SPRINGBOARD BIODIESEL,39.71643,-121.81672,324110,True
110070828210,FRONTIER REFINING INC,41.129889,-104.789222,324110,True
110070828210,FRONTIER REFINING INC,41.129889,-104.789222,324110,True
110070828210,FRONTIER REFINING INC,41.129889,-104.789222,324110,True
110070828210,FRONTIER REFINING INC,41.129889,-104.789222,324110,True
110070828210,FRONTIER REFINING INC,41.129889,-104.789222,324110,True
110070828210,FRONTIER REFINING INC,41.129889,-104.789222,324110,True
110070828210,FRONTIER REFINING INC,41.129889,-104.789222,324110,True
110070828210,FRONTIER REFINING INC,41.129889,-104.789222,324110,True
110000620882,BP CASPER FORMER REFINERY,42.8495,-106.37559,324110,True
110071841218,WASTE 2 ENERGY ENV.,32.86738,-111.78618,324110,True
110070206186,SHEFFIELD LUBRICANTS,32.86738,-111.78618,324110,True
110042423044,SGS NORTH AMERICA INC,33.844697,-118.255435,324110,True
110070320026,TESORO REFINING & MARKETING - CARSON REFINERY,33.8099,-118.2383,324110,True
110000862219,SHELL OIL COMPANY,33.808173,-118.24284,324110,True
110070570134,PHILLIPS 66 COMPANY/LOS ANGELES REFINERY,33.8048,-118.2431,324110,True
110017428988,TESORO LOS ANGELES REFINERY AND CALCINER,33.815889,-118.243953,324110,True
110002305443,"AIR PRODUCTS AND CHEMICALS, INC.",33.812778,-118.231389,324110,True
110017428988,TESORO LOS ANGELES REFINERY AND CALCINER,33.815889,-118.243953,324110,True
110070320026,TESORO REFINING & MARKETING - CARSON REFINERY,33.8099,-118.2383,324110,True
110070320026,TESORO REFINING & MARKETING - CARSON REFINERY,33.8099,-118.2383,324110,True
110055831257,TESORO LOS ANGELES REFINERY - CARSON OPERATIONS,33.81979,-118.24598,324110,True
110000746667,TESORO LOS ANGELES REFINERY AND SULFUR RECOVERY PLANT - WILMINGTON,33.81403,-118.23127,324110,True
110070320026,TESORO REFINING & MARKETING - CARSON REFINERY,33.8099,-118.2383,324110,True
110071791112,"TESORO LOGISTICS, CARSON  CRUDE TERMINAL",33.80284,-118.25727,324110,True
110070570134,PHILLIPS 66 COMPANY/LOS ANGELES REFINERY,33.8048,-118.2431,324110,True
110017428988,TESORO LOS ANGELES REFINERY AND CALCINER,33.815889,-118.243953,324110,True
110000746667,TESORO LOS ANGELES REFINERY AND SULFUR RECOVERY PLANT - WILMINGTON,33.81403,-118.23127,324110,True
110017428988,TESORO LOS ANGELES REFINERY AND CALCINER,33.815889,-118.243953,324110,True
110055831257,TESORO LOS ANGELES REFINERY - CARSON OPERATIONS,33.81979,-118.24598,324110,True
110070320026,TESORO REFINING & MARKETING - CARSON REFINERY,33.8099,-118.2383,324110,True
110070320026,TESORO REFINING & MARKETING - CARSON REFINERY,33.8099,-118.2383,324110,True
110017428988,TESORO LOS ANGELES REFINERY AND CALCINER,33.815889,-118.243953,324110,True
110017428988,TESORO LOS ANGELES REFINERY AND CALCINER,33.815889,-118.243953,324110,True
110071791112,"TESORO LOGISTICS, CARSON  CRUDE TERMINAL",33.80284,-118.25727,324110,True
110017428988,TESORO LOS ANGELES REFINERY AND CALCINER,33.815889,-118.243953,324110,True
110070320026,TESORO REFINING & MARKETING - CARSON REFINERY,33.8099,-118.2383,324110,True
110070320026,TESORO REFINING & MARKETING - CARSON REFINERY,33.8099,-118.2383,324110,True
110070320026,TESORO REFINING & MARKETING - CARSON REFINERY,33.8099,-118.2383,324110,True
110000746667,TESORO LOS ANGELES REFINERY AND SULFUR RECOVERY PLANT - WILMINGTON,33.81403,-118.23127,324110,True
110000830986,FLETCHER OIL & REFINING CO (FORCO) CARSON REFINERY,33.80155,-118.27549,324110,True
110000746667,TESORO LOS ANGELES REFINERY AND SULFUR RECOVERY PLANT - WILMINGTON,33.81403,-118.23127,324110,True
110070320026,TESORO REFINING & MARKETING - CARSON REFINERY,33.8099,-118.2383,324110,True
110040906945,HF SINCLAIR PARCO REFINING LLC,41.7814,-107.1045,324110,True
110038619741,CHEVRON-THOMAS OIL,40.02291,-105.23846,324110,True
110001431932,BARTKUS OIL CO,40.02409,-105.24873,324110,True
110038619698,G&S OIL PRODUCTS INC,40.02405,-105.24977,324110,True
110038619698,G&S OIL PRODUCTS INC,40.02405,-105.24977,324110,True
110038619741,CHEVRON-THOMAS OIL,40.02291,-105.23846,324110,True
110001431932,BARTKUS OIL CO,40.02409,-105.24873,324110,True
110000600840,BLOOMFIELD TERMINAL,36.698761,-107.975395,324110,True
110000600840,BLOOMFIELD TERMINAL,36.698761,-107.975395,324110,True
110021160688,BLOOMFIELD REFINERY,36.676529,-108.000969,324110,True
110069632302,JERRY FINNEY PROPERTY,36.686268,-107.994483,324110,True
110071650865,BP CHERRY POINT REFINERY FINAL EFFLUENT INTEGRITY MANAGEMENT PROJECT - PHASE 3,48.884,-122.735,324110,True
110070333038,WA317936169 - B P WEST COAST PRODUCTS LLC,48.89216,-122.73878,324110,True
110070283415,WA317935426 - B P WEST COAST PRODUCTS LLC,48.89216,-122.73878,324110,True
110070100570,BILLINGS REFINERY,45.77962,-108.49424,324110,True
110054845682,YALE OIL OF SOUTH DAKOTA CECRA FACILITY,45.794511,-108.480045,324110,True
110070066344,PAR MONTANA BILLINGS REFINERY,45.813904,-108.433295,324110,True
110071747307,VALERO REFINING COMPANY,38.07167,-122.13975,324110,True
110071747307,VALERO REFINING COMPANY,38.07167,-122.13975,324110,True
110071747307,VALERO REFINING COMPANY,38.07167,-122.13975,324110,True
110000482772,VALERO BENICIA ASPHALT PLANT,38.0634,-122.1353,324110,True
110012557722,ONCITE OIL,47.59055,-122.17182,324110,True
110070310099,WA317950185 - BP WEST COAST PRODUCTS LLC,47.62793,-122.15429,324110,True
110040948080,DELTA TRADING ICO CRIMSON RESOURCE MGMT,35.180173,-119.168877,324110,True
110071804756,WORLD OIL CORP,35.3749,-119.0922,324110,True
110021034753,LAS PALMAS OIL & DEHYDRATION (SABRE OIL),35.38706,-119.04767,324110,True
110000526805,BAKERSFIELD RENEWABLE FUELS LLC,35.393611,-119.0525,324110,True
110000526805,BAKERSFIELD RENEWABLE FUELS LLC,35.393611,-119.0525,324110,True
110000526805,BAKERSFIELD RENEWABLE FUELS LLC,35.393611,-119.0525,324110,True
110040948080,DELTA TRADING ICO CRIMSON RESOURCE MGMT,35.180173,-119.168877,324110,True
110006535124,KERN OIL & REFINERY CO.,35.38325,-119.06549,324110,True
110021034753,LAS PALMAS OIL & DEHYDRATION (SABRE OIL),35.38706,-119.04767,324110,True
110071798531,SAN JOAQUIN REFINING COMPANY,35.39617,-119.04474,324110,True
110021034753,LAS PALMAS OIL & DEHYDRATION (SABRE OIL),35.38706,-119.04767,324110,True
110001163268,TRICOR REFINING  LLC,35.44384,-119.03861,324110,True
110018948763,SUNLAND REFINING,35.37902,-119.09208,324110,True
110071798536,KERN OIL & REFINING CO.,35.29451,-118.91674,324110,True
110071800779,DELTA TRADING ICO,35.17071,-119.15441,324110,True
110001163268,TRICOR REFINING  LLC,35.44384,-119.03861,324110,True
110000526805,BAKERSFIELD RENEWABLE FUELS LLC,35.393611,-119.0525,324110,True
110006535124,KERN OIL & REFINERY CO.,35.38325,-119.06549,324110,True
110070475684,RICHARD LEE TABOR - RL TABOR TRANSPORTATION,35.359068,-119.066972,324110,True
110071800779,DELTA TRADING ICO,35.17071,-119.15441,324110,True
110000526805,BAKERSFIELD RENEWABLE FUELS LLC,35.393611,-119.0525,324110,True
110010681841,BILL TERPENING INC - ASHLAND,42.22932,-122.74481,324110,True
110070328881,STARCON INTERNATIONAL,32.84256,-104.39105,324110,False
110071875943,HF SINCLAIR NAVAJO REFINING LLC (ARTESIA),32.848593,-104.394383,324110,False
110066342657,TEAM INDUSTRIAL SERVICES AT PHILLIPS 66 SMF,35.0543,-120.5981,324110,True
110069447021,CONOCOPHILLIPS SANTA MARIA FACILITY CARBON PLANT,35.038889,-120.589722,324110,True
110042247869,AMERECO BIOFUELS,33.3616,-112.7445,324110,True
110028002239,RIO VALLEY BIOFUELS,32.03227,-106.60326,324110,True
110070326270,"RIO VALLEY BIOFUELS FACILITY, LLC",32.03227,-106.60326,324110,True
110070316354,UNIQUE MACHINE MAIN PLANT,61.14068,-149.87892,324110,False
110070243094,PETRO STAR INC VALDEZ REFINERY,61.18497,-149.88661,324110,False
110071871604,TEXACO REFINING AND MARKETING,33.83273,-117.92705,324110,True
110070288943,WA317936423 - TESORO REFINING & MARKETING COMPANY LLC,48.459181,-122.526363,324110,True
110070507508,PHILLIPS 66 - FORMER ORIENTAL REFINERY,37.464881,-105.856288,324110,True
110070507508,PHILLIPS 66 - FORMER ORIENTAL REFINERY,37.464881,-105.856288,324110,True
