registry_id,primary_name,latitude83,longitude83,naics_code,inWECC,inGHGRP
110028148813,"NORTHWESTERN INDUSTRIES, INC.",32.67363,-114.50273,327211,True,False
110020498978,SPECTRUM GLASS CO,47.777258,-122.149038,327211,True,False
110020498978,SPECTRUM GLASS CO,47.777258,-122.149038,327211,True,False
110020498978,SPECTRUM GLASS CO,47.777258,-122.149038,327211,True,False
110020498978,SPECTRUM GLASS CO,47.777258,-122.149038,327211,True,False
110020498978,SPECTRUM GLASS CO,47.777258,-122.149038,327211,True,False
110020498978,SPECTRUM GLASS CO,47.777258,-122.149038,327211,True,False
110020498978,SPECTRUM GLASS CO,47.777258,-122.149038,327211,True,False
110015522727,WEST COAST CONSTRUCTION CO,47.777964,-122.150745,327211,True,False
110070332830,317708875 - TRAUTMAN ART GLASS INC,45.33754,-122.77662,327211,True,False
110070329574,317710004 - TRAUTMAN ART GLASS INC,45.33748,-122.77679,327211,True,False
110065299509,BETHLEHEM CONSTRUCTION,35.597288,-119.328167,327211,True,False
110017397397,AGC GLASS-2008,34.4797,-117.2856,327211,True,False
110017397397,AGC GLASS-2008,34.4797,-117.2856,327211,True,False
110017397397,AGC GLASS-2008,34.4797,-117.2856,327211,True,False
110070270987,"AFG INDUSTRIES, INC.",34.478162,-117.297695,327211,True,False
110017397397,AGC GLASS-2008,34.4797,-117.2856,327211,True,False
110070270987,"AFG INDUSTRIES, INC.",34.478162,-117.297695,327211,True,False
110066389713,CR LAURENCE COMPANY INC,34.00712,-118.23577,327211,True,False
110006465100,SAMUEL ADVANCED FABRICATION,32.13953,-110.93778,327211,True,False
110066492600,ZC&R COATINGS FOR OPTICS INC,33.83463,-118.31239,327211,True,False
110012557731,AMPAC ENTERPRISES INC,47.18476,-122.47188,327211,True,False
110005388348,AMPAC ENTERPRISES INC 80TH,47.18469,-122.46653,327211,True,False
110005326218,NORTHWESTERN INDUSTRIES,47.660331,-122.38846,327211,True,False
110005326218,NORTHWESTERN INDUSTRIES,47.660331,-122.38846,327211,True,False
110005387786,ANDYS DINER INC,47.57528,-122.32907,327211,True,False
110005326218,NORTHWESTERN INDUSTRIES,47.660331,-122.38846,327211,True,False
110002582606,RAINTREE AUTO BODY,33.61916,-111.90576,327211,True,False
110002582606,RAINTREE AUTO BODY,33.61916,-111.90576,327211,True,False
110070475330,GP MERGER SUB INC DBA GLASPRO INC,33.955958,-118.056087,327211,True,False
110064884120,GP MERGER SUBNA INC.,33.9565,-118.05645,327211,True,False
110071793470,KINGSPAN LIGHT & AIR LLC,33.70972,-117.86328,327211,True,False
110071793470,KINGSPAN LIGHT & AIR LLC,33.70972,-117.86328,327211,True,False
110070446659,PRECISION GLASS & OPTICS,33.70417,-117.917803,327211,True,False
110070485122,HEAVYLUX SHOWER DOORS,37.698171,-122.173969,327211,True,False
110070448757,REYNARD CORP,33.452879,-117.59601,327211,True,False
110070117282,TRULITE GLASS & ALUMINUM SOLUTIONS,38.654681,-121.467005,327211,True,False
110071802966,GUARDIAN INDUSTRIES CORP,36.5869,-119.4353,327211,True,False
110071802966,GUARDIAN INDUSTRIES CORP,36.5869,-119.4353,327211,True,False
110065736715,CERRO PACIFIC LUMBER INC,39.26923,-123.22228,327211,True,False
110070329516,"HARTUNG GLASS INDUSTRIES, INC.",38.27922,-104.51932,327211,True,False
110000487107,BULLSEYE GLASS COMPANY INC,45.496413,-122.644082,327211,True,False
110000487107,BULLSEYE GLASS COMPANY INC,45.496413,-122.644082,327211,True,False
110000487107,BULLSEYE GLASS COMPANY INC,45.496413,-122.644082,327211,True,False
110000487107,BULLSEYE GLASS COMPANY INC,45.496413,-122.644082,327211,True,False
110000487107,BULLSEYE GLASS COMPANY INC,45.496413,-122.644082,327211,True,False
110070413734,HEHR INTERNATIONAL INC,34.023387,-117.734201,327211,True,False
110002582517,GLASSWERKS PHX LLC,33.405487,-112.012,327211,True,False
110002582517,GLASSWERKS PHX LLC,33.405487,-112.012,327211,True,False
110055728770,AGC GLASS COMPANY NORTH AMERICA,38.26792,-122.66253,327211,True,False
110066359023,BAMFORD TRANSPORT INC,39.46025,-121.55618,327211,True,False
110010463462,GLASS TEK INDUSTRIES INC,37.12929,-121.638241,327211,True,False
110071741811,GLASS TEK INDUSTRIES INC,37.12923,-121.63833,327211,True,False
110071741811,GLASS TEK INDUSTRIES INC,37.12923,-121.63833,327211,True,False
110065127874,STRATEGIC MATERIALS INC,37.6339,-120.93862,327211,True,False
110071804713,PILKINGTON LIBBEY OWENS FORD,37.8123,-121.2653,327211,True,False
110071804713,PILKINGTON LIBBEY OWENS FORD,37.8123,-121.2653,327211,True,False
110070484383,STRATEGIC MATERIALS INC,36.918747,-120.101517,327211,True,False
110000473372,OLDCASTLE GLASS INC DBA DOWNEY GLASS,34.01003,-118.15059,327211,True,False
110000485118,PILKINGTON NORTH AMERICA INCORPORATED,37.81075,-121.28575,327211,True,False
110000485118,PILKINGTON NORTH AMERICA INCORPORATED,37.81075,-121.28575,327211,True,False
110000485118,PILKINGTON NORTH AMERICA INCORPORATED,37.81075,-121.28575,327211,True,False
110000485118,PILKINGTON NORTH AMERICA INCORPORATED,37.81075,-121.28575,327211,True,False
110000485118,PILKINGTON NORTH AMERICA INCORPORATED,37.81075,-121.28575,327211,True,False
110060824620,LIBBEY-OWENS-FORD CO.,37.80933,-121.28527,327211,True,False
110000485118,PILKINGTON NORTH AMERICA INCORPORATED,37.81075,-121.28575,327211,True,False
110000485118,PILKINGTON NORTH AMERICA INCORPORATED,37.81075,-121.28575,327211,True,False
110000485118,PILKINGTON NORTH AMERICA INCORPORATED,37.81075,-121.28575,327211,True,False
110071810134,GUARDIAN INDUSTRIES CORP.,36.55153,-119.57059,327211,True,False
110071810134,GUARDIAN INDUSTRIES CORP.,36.55153,-119.57059,327211,True,False
110017432740,"GUARDIAN INDUSTRIES, LLC",36.54681,-119.58144,327211,True,False
110017432740,"GUARDIAN INDUSTRIES, LLC",36.54681,-119.58144,327211,True,False
110017432740,"GUARDIAN INDUSTRIES, LLC",36.54681,-119.58144,327211,True,False
110071799158,"GUARDIAN INDUSTRIES, LLC",36.55141,-119.56964,327211,True,False
110017432740,"GUARDIAN INDUSTRIES, LLC",36.54681,-119.58144,327211,True,False
110017432740,"GUARDIAN INDUSTRIES, LLC",36.54681,-119.58144,327211,True,False
110005352297,GLASSIFICATION INTL LTD,47.54674,-122.06704,327211,True,False
110071678106,SAINT GOBAIN GLASS CORPORATION-SEKURIT,33.739972,-118.024523,327211,True,False
110070287899,"QUANEX IG SYSTEMS, INC.",33.5122,-112.16877,327211,True,False
110031421423,CARDINAL CG,38.27101,-121.3084,327211,True,False
110031421423,CARDINAL CG,38.27101,-121.3084,327211,True,False
110031421423,CARDINAL CG,38.27101,-121.3084,327211,True,False
110001177725,GUARDIAN INDUSTRIES CORP,33.872298,-117.966911,327211,True,False
110001177725,GUARDIAN INDUSTRIES CORP,33.872298,-117.966911,327211,True,False
110017403585,VITRO FLAT GLASS LLC,36.699722,-119.716944,327211,True,False
110017403585,VITRO FLAT GLASS LLC,36.699722,-119.716944,327211,True,False
110017403585,VITRO FLAT GLASS LLC,36.699722,-119.716944,327211,True,False
110000899001,"KINDER MORGAN ENERGY PARTNERS, LP, FRESNO TERMINAL",36.675128,-119.745389,327211,True,False
110071809044,PPG INDUSTRIES INC.,36.687,-119.718,327211,True,False
110017403585,VITRO FLAT GLASS LLC,36.699722,-119.716944,327211,True,False
110017403585,VITRO FLAT GLASS LLC,36.699722,-119.716944,327211,True,False
110017403585,VITRO FLAT GLASS LLC,36.699722,-119.716944,327211,True,False
110071802727,VITRO FLAT GLASS LLC,36.6869,-119.7174,327211,True,False
110017403585,VITRO FLAT GLASS LLC,36.699722,-119.716944,327211,True,False
110071809044,PPG INDUSTRIES INC.,36.687,-119.718,327211,True,False
110017403585,VITRO FLAT GLASS LLC,36.699722,-119.716944,327211,True,False
110017403585,VITRO FLAT GLASS LLC,36.699722,-119.716944,327211,True,False
110021102741,BRADLEY NAMEPLATE CORPORATION,37.462406,-121.918308,327211,True,False
110010487419,HOYA CORPORATION USA,37.50894,-121.94564,327211,True,False
110000490442,MILGARD MANUFACTURING INC FIBERGLASS,47.248719,-122.358186,327211,True,False
110000490442,MILGARD MANUFACTURING INC FIBERGLASS,47.248719,-122.358186,327211,True,False
110000490442,MILGARD MANUFACTURING INC FIBERGLASS,47.248719,-122.358186,327211,True,False
110070383050,STRATEGIC MATERIALS  INC,38.23288,-122.0675,327211,True,False
110070092888,VISION SYSTEMS INC,32.81059,-116.9668,327211,True,False
110071723892,ACCENT WINDOW INC,39.7989,-104.97242,327211,True,False
110038610063,ACCENT WINDOWS PRODUCTS INC,39.792333,-104.986361,327211,True,False
110038610063,ACCENT WINDOWS PRODUCTS INC,39.792333,-104.986361,327211,True,False
110007352042,ACCENT WINDOW INC,39.79827,-104.97235,327211,True,False
110007352042,ACCENT WINDOW INC,39.79827,-104.97235,327211,True,False
110070312896,317721218 - PORTLAND GLASS MANUFACTURING INC,45.40595,-122.5378,327211,True,False
110070416074,TRIVIEW GLASS,34.012889,-117.954104,327211,True,False
110005342780,NOR PAC MECHANICAL SVCS INC,46.633149,-122.933392,327211,True,False
110001916482,PPG INDUSTRIES INC CHEHALIS,46.626639,-122.931944,327211,True,False
110046433105,RAINBOW RESEARCH OPTICS INC,39.59273,-104.81776,327211,True,False
110035441126,OCEANSIDE GLASSTILE CO,33.12208,-117.26943,327211,True,False
110001726062,CAPITOL GLASS & ALUMINUM CORP,39.76387,-104.84869,327211,True,False
110001726062,CAPITOL GLASS & ALUMINUM CORP,39.76387,-104.84869,327211,True,False
110043480382,500 EAST TEMPORARY CONCRETE BATCH PLANT,40.355833,-111.783889,327211,True,False
110070456754,TECHNI-GLASS INC,38.536776,-122.806433,327212,True,False
110009532461,CALIFORNIA SPECIALTY PAINTING,34.02869,-118.03899,327212,True,False
110009532461,CALIFORNIA SPECIALTY PAINTING,34.02869,-118.03899,327212,True,False
110017780622,TELIC,34.42919,-118.56877,327212,True,False
110070521971,"C D E Q, INC.",34.2401,-118.40129,327212,True,False
110000805166,HOLLY DECORATIONS  INC,39.53934,-119.71117,327212,True,False
110070310496,WA317948097 - QUARTZCASTLE LLC,47.20156,-123.25032,327212,True,False
110008062149,BUILDING MATERIALS MFG CORP (DBA GAF),35.495071,-119.160072,327212,True,False
110008062149,BUILDING MATERIALS MFG CORP (DBA GAF),35.495071,-119.160072,327212,True,False
110008062149,BUILDING MATERIALS MFG CORP (DBA GAF),35.495071,-119.160072,327212,True,False
110064953661,WOLFARD GLASSBLOWINGNA INC,38.40362,-122.82098,327212,True,False
110000489604,CERADYNE VIOX,47.54387,-122.32605,327212,True,False
110070313300,GLASSYBABY,47.61289,-122.28888,327212,True,False
110000489604,CERADYNE VIOX,47.54387,-122.32605,327212,True,False
110005314294,CHIHULY INCORPORATED,47.65402,-122.32325,327212,True,False
110000489604,CERADYNE VIOX,47.54387,-122.32605,327212,True,False
110005314294,CHIHULY INCORPORATED,47.65402,-122.32325,327212,True,False
110000489604,CERADYNE VIOX,47.54387,-122.32605,327212,True,False
110055804740,LP GLASSBLOWING INC,37.40935,-121.966,327212,True,False
110002832070,ADVANTAGE ENVIRONMENTAL SVC,33.733789,-117.842355,327212,True,False
110009530212,BP CHEMICALS HITCO INC MATERIALS FOCUSED FACTORY,33.70855,-117.85606,327212,True,False
110071776722,HOOD MFG INC,33.71021,-117.87125,327212,True,False
110071776722,HOOD MFG INC,33.71021,-117.87125,327212,True,False
110000480621,HOOD MANUFACTURING INC,33.71155,-117.87123,327212,True,False
110000480621,HOOD MANUFACTURING INC,33.71155,-117.87123,327212,True,False
110000484583,GLASFORMS INC,37.30668,-121.87541,327212,True,False
110070902786,OCEANSIDE GLASS & TILE,32.558877,-116.940165,327212,True,False
110070902786,OCEANSIDE GLASS & TILE,32.558877,-116.940165,327212,True,False
110066366079,LAZER GLASS COMPANY,38.60865,-121.424075,327212,True,False
110065299858,LARSON ELECTRONIC GLASS INC,37.48308,-122.20434,327212,True,False
110070289561,WA317936922 - ENNCO DISPLAY SYSTEMS INC,47.66697,-122.10565,327212,True,False
110070296668,317715764 - TOSOH QUARTZ INC,45.52886,-122.82601,327212,True,False
110070339578,317713073 - TOSOH QUARTZ INC,45.52726,-122.82563,327212,True,False
110000487768,UROBOROS GLASS STUDIOS,45.538412,-122.672288,327212,True,False
110004772773,TOSOH QUARTZ GROUP,45.52886,-122.82601,327212,True,False
110069459106,FOURTH DIMENSION STUDIOS,45.5326,-122.68857,327212,True,False
110070346992,317720090 - TOSOH QUARTZ INC,45.52886,-122.82601,327212,True,False
110070342083,317715297 - TOSOH QUARTZ INC,45.52886,-122.82601,327212,True,False
110071163312,PRECISION COLORED GLASS LLP,45.46353,-122.6368,327212,True,False
110002568757,POLYMICRO TECHNOLOGIES,33.482634,-112.13133,327212,True,False
110002568757,POLYMICRO TECHNOLOGIES,33.482634,-112.13133,327212,True,False
110070289102,"EXOTIC PEBBLES & AGGREGATES, LLC",33.433152,-112.069253,327212,True,False
110071745839,AMP INCORPORATED,37.44447,-122.1176,327212,True,False
110002810245,G M ASSOCIATES,37.7269,-122.19661,327212,True,False
110070488830,GM ASSOCIATES INC,37.726893,-122.196576,327212,True,False
110066619127,G M ASSOCIATESNA INC,37.72633,-122.1958,327212,True,False
110065127874,STRATEGIC MATERIALS INC,37.6339,-120.93862,327212,True,False
110001168012,ALLIED SIGNAL INC,37.41758,-121.88878,327212,True,False
110070327722,CHRIS HURLEY,42.35587,-122.87033,327212,True,False
110070276542,"HOT ISLAND GLASS, LTD.",20.85547,-156.31153,327212,False,False
110071773224,AAA GLASS CORP,34.01993,-118.211,327212,True,False
110071772834,HESSCO IND INC,33.91917,-117.9453,327212,True,False
110009531818,KTB AND FSK,33.92005,-117.94497,327212,True,False
110070276224,"WORCESTER GLASSWORKS, LLC",20.75925,-156.3273,327212,False,False
110042033108,LIBBEY GLASS INC,34.019721,-117.835281,327212,True,False
110042033108,LIBBEY GLASS INC,34.019721,-117.835281,327212,True,False
110066761007,STUDIO BEL VETRO INC,38.63009,-122.87714,327212,True,False
110071804275,FRESNO NEON SIGN,36.7721,-119.6865,327212,True,False
110055902019,HAYWARD QUARTZ TECHNOLOGY INC,37.50879,-121.95401,327212,True,False
110002914099,HAYWARD QUARTZ TECHNOLOGY,37.49759,-121.93335,327212,True,False
110002914099,HAYWARD QUARTZ TECHNOLOGY,37.49759,-121.93335,327212,True,False
110055902019,HAYWARD QUARTZ TECHNOLOGY INC,37.50879,-121.95401,327212,True,False
110002914099,HAYWARD QUARTZ TECHNOLOGY,37.49759,-121.93335,327212,True,False
110002684006,WEST COAST QUARTZ CORP,37.51295,-121.97493,327212,True,False
110055901966,HAYWARD QUARTZ,37.49693,-121.93168,327212,True,False
110055902037,HAYWARD QUARTZ TECHNOLOGY INC,37.50969,-121.95081,327212,True,False
110010487419,HOYA CORPORATION USA,37.50894,-121.94564,327212,True,False
110055901966,HAYWARD QUARTZ,37.49693,-121.93168,327212,True,False
110055902037,HAYWARD QUARTZ TECHNOLOGY INC,37.50969,-121.95081,327212,True,False
110055902019,HAYWARD QUARTZ TECHNOLOGY INC,37.50879,-121.95401,327212,True,False
110055902037,HAYWARD QUARTZ TECHNOLOGY INC,37.50969,-121.95081,327212,True,False
110002914099,HAYWARD QUARTZ TECHNOLOGY,37.49759,-121.93335,327212,True,False
110001727739,FIBERON INC,40.60354,-105.08309,327212,True,False
110001727739,FIBERON INC,40.60354,-105.08309,327212,True,False
110001727739,FIBERON INC,40.60354,-105.08309,327212,True,False
110070311212,WA317950357 - COVENANT ART GLASS INC,47.974907,-122.201405,327212,True,False
110070316023,EMRICH ALLAN STOVEL,44.04801,-123.15165,327212,True,False
110040890541,OWENS CORNING ELOY PLANT,32.7631,-111.58641,327212,True,False
110040890541,OWENS CORNING ELOY PLANT,32.7631,-111.58641,327212,True,False
110001725768,ROCKY MOUNTAIN SCIENTIFIC GLASS BLOWING,39.68039,-104.92884,327212,True,False
110001725768,ROCKY MOUNTAIN SCIENTIFIC GLASS BLOWING,39.68039,-104.92884,327212,True,False
110012701585,LUNDBERG STUDIOS,37.01129,-122.19098,327212,True,False
110000488106,HOLLINGSWORTH AND VOSE FIBER COMPANY,44.551337,-123.256533,327212,True,False
110015779111,CERAMIC DECORATING COMPANY,34.0036,-118.17415,327212,True,False
110012438683,GARNER GLASS,34.09278,-117.71929,327212,True,False
110071773896,RAINBOW FIBERGLASS,33.94995,-117.63105,327212,True,False
110021280184,ORIENT & FLUME ART GLASS,39.71751,-121.81989,327212,True,False
110071762235,ORIENT & FLUME ART GLASS,39.71799,-121.82084,327212,True,False
110071762235,ORIENT & FLUME ART GLASS,39.71799,-121.82084,327212,True,False
110000773351,SIGMA DESIGN,45.600961,-122.455672,327212,True,False
110000773351,SIGMA DESIGN,45.600961,-122.455672,327212,True,False
110065882860,"GLASSYBABY, LLC",37.852874,-122.294813,327212,True,False
110065882860,"GLASSYBABY, LLC",37.852874,-122.294813,327212,True,False
110070309056,WA317950067 - MOTHERSHIP GLASS LLC,48.78155,-122.45344,327212,True,False
110070309056,WA317950067 - MOTHERSHIP GLASS LLC,48.78155,-122.45344,327212,True,False
110009554801,CONTAINMENT SOLUTIONS INC,35.42981,-119.06432,327212,True,False
110009554801,CONTAINMENT SOLUTIONS INC,35.42981,-119.06432,327212,True,False
110009554801,CONTAINMENT SOLUTIONS INC,35.42981,-119.06432,327212,True,False
110009554801,CONTAINMENT SOLUTIONS INC,35.42981,-119.06432,327212,True,False
110071801759,CONTAINMENT SOLUTIONS INC.,35.4345,-119.06436,327212,True,False
110070449232,SIERRA PRECISION OPTICS INC,38.950771,-121.085491,327212,True,False
110065671375,TEXTILE PRODUCTS INC,33.84853,-117.9718,327212,True,False
110066450860,MAGIC GLASS ART INC,33.86246,-117.90803,327212,True,False
110043480382,500 EAST TEMPORARY CONCRETE BATCH PLANT,40.355833,-111.783889,327212,True,False
110001551829,CALMAT DBA VULCAN FORMERLY LAFARGE SOUTHWEST INC.,35.141673,-106.605564,327212,True,False
110070206778,WONIK QUARTZ INTERNATIONAL CORP,35.19903,-106.58362,327212,True,False
110001551829,CALMAT DBA VULCAN FORMERLY LAFARGE SOUTHWEST INC.,35.141673,-106.605564,327212,True,False
110022881461,OWENS-BROCKWAY GLASS - WINDSOR #28,40.45086,-104.91398,327213,True,False
110022881461,OWENS-BROCKWAY GLASS - WINDSOR #28,40.45086,-104.91398,327213,True,False
110064318723,OWENS-BROCKWAY GLASS - WINDSOR #28,40.461452,-104.849165,327213,True,False
110046291464,OWENS ILLINOIS PLANT 28,40.463888,-104.853611,327213,True,False
110000862059,"NOR-CAL BEVERAGE CO., INC.",38.56327,-121.53932,327213,True,False
110002139524,ANCHOR GLASS CONTAINER CORP,34.009092,-118.230291,327213,True,False
110071799147,OWENS-BROCKWAY GLASS CONTAINER,37.71515,-121.49157,327213,True,False
110071811140,OWENS-BROCKWAY GLASS CONTAINER,37.715147,-121.49157,327213,True,False
110071811140,OWENS-BROCKWAY GLASS CONTAINER,37.715147,-121.49157,327213,True,False
110002142226,THATCHER GLASS MFG CO (DART INDS),34.409,-118.53855,327213,True,False
110013955568,KERR GLASS MANUFACTURING CORP,33.7219,-117.85653,327213,True,False
110002644247,KERR,33.722247,-117.856177,327213,True,False
110002644247,KERR,33.722247,-117.856177,327213,True,False
110002429603,"STRATEGIC MATERIALS, INC",37.70279,-122.16973,327213,True,False
110001168824,LATCHFORD GLASS CO PLANT 1,37.70129,-122.17327,327213,True,False
110071772283,OWENS-BROCKWAY GLASS CONTAINER,34.03427,-117.72884,327213,True,False
110000783108,OWENS-BROCKWAY GLASS CONTAINER,34.033654,-117.72836,327213,True,False
110000783108,OWENS-BROCKWAY GLASS CONTAINER,34.033654,-117.72836,327213,True,False
110065297262,ENDPAK PACKAGING INC,33.97288,-118.10258,327213,True,False
110070447094,ACME VIAL & GLASS,35.614584,-120.652365,327213,True,False
110065591899,UPM RAFLATAC INC,34.05547,-117.54371,327213,True,False
110002147276,OWENS-BROCKWAY GLASS CONTAINER INC PLANT 27,37.747848,-122.184504,327213,True,False
110056124153,OWENS-BROCKWAY GLASS,37.76824,-122.22724,327213,True,False
110056124153,OWENS-BROCKWAY GLASS,37.76824,-122.22724,327213,True,False
110056124153,OWENS-BROCKWAY GLASS,37.76824,-122.22724,327213,True,False
110056124153,OWENS-BROCKWAY GLASS,37.76824,-122.22724,327213,True,False
110056124153,OWENS-BROCKWAY GLASS,37.76824,-122.22724,327213,True,False
110002147276,OWENS-BROCKWAY GLASS CONTAINER INC PLANT 27,37.747848,-122.184504,327213,True,False
110056124153,OWENS-BROCKWAY GLASS,37.76824,-122.22724,327213,True,False
110066603526,OWENS-BROCKWAY GLASS CONTAINERS OAKLAND,37.77007,-122.22711,327213,True,False
110000861194,SAINT-GOBAIN CONTAINERS,33.98938,-118.17826,327213,True,False
110000861194,SAINT-GOBAIN CONTAINERS,33.98938,-118.17826,327213,True,False
110071778090,SAINT-GOBAIN CONTAINERS LLC,33.9799,-118.17002,327213,True,False
110070314917,BOTTLES & WOOD LLC,36.11049,-115.1862,327213,True,False
110043882643,BENNU GLASS LLC,46.031638,-122.866164,327213,True,False
110043882643,BENNU GLASS LLC,46.031638,-122.866164,327213,True,False
110043882643,BENNU GLASS LLC,46.031638,-122.866164,327213,True,False
110070345152,WA317946539 - OWENS ILLINOIS INC,46.031446,-122.85749,327213,True,False
110070341008,WA317941382 - OWENS ILLINOIS INC,46.031446,-122.85749,327213,True,False
110043882643,BENNU GLASS LLC,46.031638,-122.866164,327213,True,False
110043882643,BENNU GLASS LLC,46.031638,-122.866164,327213,True,False
110043882643,BENNU GLASS LLC,46.031638,-122.866164,327213,True,False
110000786105,ANCHOR GLASS CONTAINER CORP,33.97074,-118.23253,327213,True,False
110071776398,ANCHOR GLASS CONTAINER CORP,33.97164,-118.23272,327213,True,False
110000786105,ANCHOR GLASS CONTAINER CORP,33.97074,-118.23253,327213,True,False
110000483003,OWENS BROCKWAY GLASS CONTAINER,37.66803,-122.10505,327213,True,False
110000483003,OWENS BROCKWAY GLASS CONTAINER,37.66803,-122.10505,327213,True,False
110000483003,OWENS BROCKWAY GLASS CONTAINER,37.66803,-122.10505,327213,True,False
110000483003,OWENS BROCKWAY GLASS CONTAINER,37.66803,-122.10505,327213,True,False
110000483003,OWENS BROCKWAY GLASS CONTAINER,37.66803,-122.10505,327213,True,False
110024383068,OWENS ILLINOIS PLANT 28,40.45158,-104.81159,327213,True,False
110064906516,ENCORE GLASS,38.227873,-122.08655,327213,True,False
110066156448,SAXCO INTERNATIONAL CPC-#181,38.227838,-122.088436,327213,True,False
110071751752,ARDAGH GROUP,38.276,-121.974,327213,True,False
110064894002,SAXCO-CPC,38.228192,-122.084693,327213,True,False
110065131379,TRICORBRAUN WINEPAK,38.2314,-122.06985,327213,True,False
110071751752,ARDAGH GROUP,38.276,-121.974,327213,True,False
110070318366,OWENS ILLINOIS INC,38.201024,-122.145713,327213,True,False
110071778194,"SAINT-GOBAIN CONTAINERS, INC.",34.07978,-118.04653,327213,True,False
110000898440,SAINT-GOBAIN CONTAINERS LLC,34.07971,-118.04557,327213,True,False
110000898440,SAINT-GOBAIN CONTAINERS LLC,34.07971,-118.04557,327213,True,False
110000898440,SAINT-GOBAIN CONTAINERS LLC,34.07971,-118.04557,327213,True,False
110000898440,SAINT-GOBAIN CONTAINERS LLC,34.07971,-118.04557,327213,True,False
110000898440,SAINT-GOBAIN CONTAINERS LLC,34.07971,-118.04557,327213,True,False
110015846673,B&B BLENDING INC,39.79524,-104.99485,327213,True,False
110071778373,N-DIMENSIONAL STUDIOS,33.90998,-118.22102,327213,True,False
110070317051,PACIFIC VIAL MANUFACTURING INC,33.990696,-118.126715,327213,True,False
110043480382,500 EAST TEMPORARY CONCRETE BATCH PLANT,40.355833,-111.783889,327213,True,False
110070340156,317714376 - OREGON GLASS COMPANY,45.33207,-122.78337,327215,True,False
110070291664,317714380 - OREGON GLASS COMPANY,45.33207,-122.78337,327215,True,False
110070307325,BG GLASS,39.82464,-105.030109,327215,True,False
110070097102,ANNIEGLASS INC,36.90247,-121.76267,327215,True,False
110070317610,SPECCHIO VETRO DBA REFLECTIONS,21.41394,-158.00174,327215,False,False
110070275700,GLASS PRODUCTS HAWAII INC,20.89305,-156.5014,327215,False,False
110001161108,MONARCH NORCAL INC,38.13633,-122.25117,327215,True,False
110001161108,MONARCH NORCAL INC,38.13633,-122.25117,327215,True,False
110041514153,CONTRACTORS WARDROBE,34.43802,-118.59315,327215,True,False
110017780622,TELIC,34.42919,-118.56877,327215,True,False
110070206247,TELIC COMPANY,34.44196,-118.59705,327215,True,False
110070511354,CG INDUSTRIES DBA HARTUNG GLASS,37.595244,-122.012974,327215,True,False
110070591670,IGLASS TECHNOLOGY INC,33.722194,-117.828066,327215,True,False
110005397267,CARDINAL CG,46.969139,-122.911263,327215,True,False
110005397267,CARDINAL CG,46.969139,-122.911263,327215,True,False
110070339870,WA317942284 - CARDINAL CG COMPANY,46.969279,-122.916138,327215,True,False
110005397267,CARDINAL CG,46.969139,-122.911263,327215,True,False
110005342735,HARTUNG GLASS,47.443419,-122.246351,327215,True,False
110005342735,HARTUNG GLASS,47.443419,-122.246351,327215,True,False
110005342735,HARTUNG GLASS,47.443419,-122.246351,327215,True,False
110070326581,"GLAZ-TECH INDUSTRIES, INC.",32.12684,-110.93912,327215,True,False
110002584604,SCHOTT DONNELLY LLC SMART GLASS SOLUTION,32.26149,-110.89531,327215,True,False
110001657494,ACI DISTRIBUTION,45.38018,-122.78767,327215,True,False
110001657494,ACI DISTRIBUTION,45.38018,-122.78767,327215,True,False
110001657494,ACI DISTRIBUTION,45.38018,-122.78767,327215,True,False
110065016002,FIVE STAR GRAPHICS INC,33.82705,-118.334357,327215,True,False
110070487410,DONAHUE PRINTING CO INC,33.846405,-118.338713,327215,True,False
110066492600,ZC&R COATINGS FOR OPTICS INC,33.83463,-118.31239,327215,True,False
110064970713,AGC AUTOMOTIVE AMERICAS,33.85592,-118.29622,327215,True,False
110002567491,HERAEUS AMERSIL QUARTQ ENG MATLS INC,33.42827,-111.89703,327215,True,False
110064379499,CHIHULY INC,47.25288,-122.42387,327215,True,False
110056373758,ANTHONY INC,34.29557,-118.41032,327215,True,False
110056373758,ANTHONY INC,34.29557,-118.41032,327215,True,False
110000861103,"ANTHONY, INC.",34.29481,-118.4116,327215,True,False
110056373758,ANTHONY INC,34.29557,-118.41032,327215,True,False
110056373758,ANTHONY INC,34.29557,-118.41032,327215,True,False
110043639051,RIOGLASS SOLAR INC,33.585864,-112.34834,327215,True,False
110043639051,RIOGLASS SOLAR INC,33.585864,-112.34834,327215,True,False
110002868923,DOROTHY THORPE,34.21539,-118.3628,327215,True,False
110066274052,TW MANUFACTURING LLC,37.411356,-122.022647,327215,True,False
110064892497,I G S INC,37.37744,-122.0088,327215,True,False
110070457621,FULL MOON BIOSYSTEMS INC,37.396457,-122.032434,327215,True,False
110070797832,ACI DISTRIBUTION INC,37.911745,-121.269151,327215,True,False
110039191852,"VIROCON, INC",37.03046,-113.55089,327215,True,False
110070389493,NEWPORT INDUSTRIAL GLASS INC,33.804,-117.98264,327215,True,False
110066338680,SHEPHERD LITHOGRAPH INC,37.65102,-122.41174,327215,True,False
110070322195,GLASSWERKS LA INC,33.95587,-118.19122,327215,True,False
110070322195,GLASSWERKS LA INC,33.95587,-118.19122,327215,True,False
110070424266,MILGARD WINDOWS AND DOORS,34.276659,-118.788664,327215,True,False
110005326218,NORTHWESTERN INDUSTRIES,47.660331,-122.38846,327215,True,False
110005326218,NORTHWESTERN INDUSTRIES,47.660331,-122.38846,327215,True,False
110066543654,MAC THIN FILMS,38.417634,-122.746872,327215,True,False
110054309057,SOLADIGM INC,38.510459,-122.80031,327215,True,False
110070453900,ABRISA INDUSTRIAL GLASS,34.357734,-119.041556,327215,True,False
110024433415,PACIFIC COAST IMPRESSIONS,34.45112,-118.57657,327215,True,False
110070481566,ACCU-GLASS PRODUCTS INC,34.432441,-118.572682,327215,True,False
110055809905,SOUTH BAY SHOWERS,37.36578,-121.94339,327215,True,False
110070313132,"ROYAL GLASS COMPANY, INC.",37.382193,-121.942341,327215,True,False
110046229915,INVENIOS,34.42396,-119.68465,327215,True,False
110070589989,MARK OPTICS INC,33.719193,-117.851238,327215,True,False
110070478986,"DOCUMOTION RESEARCH, INC",33.720231,-117.8516,327215,True,False
110002720743,PACIFIC QUARTZ INC,33.719993,-117.852436,327215,True,False
110058310199,"SODAGLASS, INC",37.705172,-122.153738,327215,True,False
110070591446,CITROGENE INC,37.400544,-121.887558,327215,True,False
110070488318,GAMDAN OPTICS INC,37.397389,-121.888483,327215,True,False
110071751537,ESHOWERDOOR,37.38403,-121.9099,327215,True,False
110071751537,ESHOWERDOOR,37.38403,-121.9099,327215,True,False
110070457785,WEST TREND,34.281897,-118.431944,327215,True,False
110002747966,"CURTIS TECHNOLOGY, INC",32.90949,-117.22943,327215,True,False
110002747966,"CURTIS TECHNOLOGY, INC",32.90949,-117.22943,327215,True,False
110070448757,REYNARD CORP,33.452879,-117.59601,327215,True,False
110070327443,AGC GLASS COMPANY NORTH AMERICA,40.69454,-111.89977,327215,True,False
110069573544,TRULITE GLASS & ALUMINUM SOLUTIONS,40.73506,-111.97938,327215,True,False
110063612531,TRULITE GLASS COMPANY,40.69454,-111.89977,327215,True,False
110046338931,"AGC FLAT GLASS NORTH AMERICA, INC.",40.69454,-111.89977,327215,True,False
110070326043,ARIZONA SHOWER DOOR CO,40.73352,-111.91206,327215,True,False
110004813809,PPG INDUSTRIES,44.89741,-123.004056,327215,True,False
110070331595,317709066 - PPG INDUSTRIES INC,44.8955,-123.00482,327215,True,False
110070446911,METRO MAILING SERVICE INC DBA METRO PRINT AND MAIL SOLUTIONS,38.648592,-121.503884,327215,True,False
110063994174,CONTRACTOR'S WARDROBE,38.50398,-121.39239,327215,True,False
110063994174,CONTRACTOR'S WARDROBE,38.50398,-121.39239,327215,True,False
110000472596,CHRISTMAS BY KREBS,33.34819,-104.52303,327215,False,False
110070322953,CHRISTMAS BY KREBS,33.34819,-104.52303,327215,False,False
110000472596,CHRISTMAS BY KREBS,33.34819,-104.52303,327215,False,False
110000472596,CHRISTMAS BY KREBS,33.34819,-104.52303,327215,False,False
110065855854,C.V. WINDOWS & DOORS OF RIVERSIDE,33.92908,-117.30314,327215,True,False
110032837866,L-3 COMMUNICATIONS IOS - TINSL,37.9866,-122.3327,327215,True,False
110070326450,"SOUNDPROOF WINDOWS, INC.",39.489722,-119.762612,327215,True,False
110070297231,"LEADING EDGE PRODUCTS, INC.",39.50292,-119.75242,327215,True,False
110001168995,GUARDIAN INDUSTRIES CORP,36.58675,-119.43222,327215,True,False
110001168995,GUARDIAN INDUSTRIES CORP,36.58675,-119.43222,327215,True,False
110001168995,GUARDIAN INDUSTRIES CORP,36.58675,-119.43222,327215,True,False
110001168995,GUARDIAN INDUSTRIES CORP,36.58675,-119.43222,327215,True,False
110001168995,GUARDIAN INDUSTRIES CORP,36.58675,-119.43222,327215,True,False
110065161130,MINDRUM PRECISION INC,34.07746,-117.58732,327215,True,False
110070591187,HIGH SIERRA SUPPLY INC DBA SIERRA CONCRETE,39.944377,-120.921701,327215,True,False
110013286256,MASTERPIECE LEADED WINDOWS CORP,32.93972,-117.03158,327215,True,False
110004772773,TOSOH QUARTZ GROUP,45.52886,-122.82601,327215,True,False
110070285794,317706127 - JENTRY NOAH BOAZ,45.542546,-122.710992,327215,True,False
110070285109,317705077 - PRECISION GLASSWORKS INC,45.49266,-122.64155,327215,True,False
110004772773,TOSOH QUARTZ GROUP,45.52886,-122.82601,327215,True,False
110004796935,OSTROM & CO INC,45.53876,-122.67633,327215,True,False
110000487768,UROBOROS GLASS STUDIOS,45.538412,-122.672288,327215,True,False
110067565254,NORTHSTAR GLASSWORKS,45.46353,-122.6368,327215,True,False
110070314511,SPIRIT OF GLASS INC,45.47048,-122.56865,327215,True,False
110004796935,OSTROM & CO INC,45.53876,-122.67633,327215,True,False
110012258573,PRINTING TODAY OF OREGON INC,45.52828,-122.82601,327215,True,False
110001179527,MARAN-WURZELL GLASS AND MIRROR COMPANY,34.05845,-117.77504,327215,True,False
110009523104,MOLEX LLC,33.64959,-112.11209,327215,True,False
110070427380,PREMIER MAILING INC,33.900922,-118.168804,327215,True,False
110066022574,IMAGE MOVER INC,34.25316,-118.40184,327215,True,False
110070060904,OLD TOWN FIBERGLASS DBA FIBERGLASS FABRI,33.79998,-117.85773,327215,True,False
110070097509,SUNYEAH GROUP CORPORATION,34.054328,-117.550546,327215,True,False
110070329473,LARRY METHVIN INSTALLATIONS INC,34.058699,-117.544593,327215,True,False
110024428449,AM CHEMICALS LLC,33.205253,-117.290881,327215,True,False
110066001132,KAPAN KENT COMPANY INC,33.21417,-117.26357,327215,True,False
110043480408,"AMERICAN SPECIALTY GLASS, INC.",40.85687,-111.92057,327215,True,False
110070315884,"DESERT GLASS PRODUCTS, LLC",36.24556,-115.10441,327215,True,False
110070315884,"DESERT GLASS PRODUCTS, LLC",36.24556,-115.10441,327215,True,False
110002142645,CAPCO/PSA  CALIFORNIA ART PROD,34.168095,-118.372788,327215,True,False
110000483316,BAY MIRROR  INC,37.52596,-122.02801,327215,True,False
110000483316,BAY MIRROR  INC,37.52596,-122.02801,327215,True,False
110000483316,BAY MIRROR  INC,37.52596,-122.02801,327215,True,False
110066261878,TWIN GLASS INDUSTRIES INC,37.12866,-121.63812,327215,True,False
110066430428,CARDINAL CG,33.87469,-117.24134,327215,True,False
110070456481,SCI-TECH GLASSBLOWING INC,34.283965,-118.893704,327215,True,False
110071791722,"IDEAL PRODUCTS, INC.",34.00728,-117.52486,327215,True,False
110071791722,"IDEAL PRODUCTS, INC.",34.00728,-117.52486,327215,True,False
110055919270,SOLADIGM INC,37.42866,-121.89736,327215,True,False
110070096738,VIEW INC,37.42896,-121.896881,327215,True,False
110070522922,VIEW INC,37.428881,-121.89822,327215,True,False
110066358015,VIEWNA INC.,37.42866,-121.89736,327215,True,False
110071517347,SAFTIFIRST/O'KEEFFE'S,37.291704,-120.511771,327215,True,False
110070452013,O'KEEFFES INC DBA SAFTI FIRST,37.285123,-120.502066,327215,True,False
110071517330,SAFTIFIRST/O'KEEFFE'S,37.285348,-120.502077,327215,True,False
110071646964,O'KEEFFE'S INC.,37.28509,-120.50209,327215,True,False
110002644041,SAFTFIRST/O'KEEFFE'S,37.291766,-120.516068,327215,True,False
110070487520,TITAN METAL PRODUCTS,37.295476,-120.510502,327215,True,False
110070327372,ARIZONA SHOWER DOORS OF OREGON LLC,42.34462,-122.89929,327215,True,False
110071264224,PEBBLE TECHNOLOGY INTERNATIONAL,37.785946,-121.210843,327215,True,False
110070489816,CARDINAL GLASS,33.936102,-118.255991,327215,True,False
110000473372,OLDCASTLE GLASS INC DBA DOWNEY GLASS,34.01003,-118.15059,327215,True,False
110000473372,OLDCASTLE GLASS INC DBA DOWNEY GLASS,34.01003,-118.15059,327215,True,False
110002889599,AAA GLASS CORP,34.021205,-118.21825,327215,True,False
110012702147,EDWARDS INDUSTRIES,34.146822,-118.273324,327215,True,False
110000473372,OLDCASTLE GLASS INC DBA DOWNEY GLASS,34.01003,-118.15059,327215,True,False
110065422607,THE JUDSON STUDIOS INC,34.01862,-117.94679,327215,True,False
110002889599,AAA GLASS CORP,34.021205,-118.21825,327215,True,False
110002646708,GLASSWERKS,33.93501,-118.25562,327215,True,False
110015671432,OPTERA COLORADO INC,40.157056,-104.980054,327215,True,False
110070305930,HOLDMAN STUDIOS LLC,40.426679,-111.886889,327215,True,False
110070333025,CLARK COUNTY WINDOWS,36.08703,-115.06275,327215,True,False
110070323480,TRULITE GLASS AND ALUMINUM SOLUTIONS,36.186528,-115.143074,327215,True,False
110070286656,"ART IN THE CELLAR, LLC.",36.05655,-115.15332,327215,True,False
110070337246,BLUMARBLE LLC,36.07773,-115.18994,327215,True,False
110070323480,TRULITE GLASS AND ALUMINUM SOLUTIONS,36.186528,-115.143074,327215,True,False
110070317219,"SEAENA, INC.",36.068505,-115.13952,327215,True,False
110054851665,SUPER COLOR DIGITAL LLC,36.067873,-115.186085,327215,True,False
110002420595,SERVICES & MATERIALS CO,33.883,-118.02154,327215,True,False
110070347314,WA317949525 - TACOMA GLASS MANUFACTURING INC,47.16811,-122.49749,327215,True,False
110017432740,"GUARDIAN INDUSTRIES, LLC",36.54681,-119.58144,327215,True,False
110071854899,"POTTERS INDUSTRIES, LLC KINGMAN FACILITY",35.265288,-113.947487,327215,True,False
110001695648,POTTERS INDUSTRIES LLC,35.26592,-113.94826,327215,True,False
110000827856,HOT CELL SERVICES CORP,47.39838,-122.22488,327215,True,False
110070307190,SPECTRUM SCIENTIFIC INC,33.694466,-117.832353,327215,True,False
110070307190,SPECTRUM SCIENTIFIC INC,33.694466,-117.832353,327215,True,False
110070322282,CARDINAL GLASS INDUSTRIES INC,45.63158,-121.51552,327215,True,False
110070556563,CARDINAL IG COMPANY,45.63158,-121.51552,327215,True,False
110070556563,CARDINAL IG COMPANY,45.63158,-121.51552,327215,True,False
110070333141,317710044 - CARDINAL GLASS INDUSTRIES INC,45.63158,-121.51552,327215,True,False
110070278223,"ARTS HI, INC.",21.29426,-157.84654,327215,False,False
110070328664,R BAIRD & CO INC,21.32262,-157.89157,327215,False,False
110066573238,ADMAIL EXPRESS INC,37.61248,-122.045059,327215,True,False
110062925580,"HALIO, INC.",37.62463,-122.12412,327215,True,False
110038088468,VUTEQ CORPORATION,37.64117,-122.12765,327215,True,False
110002631689,MATTEL INC,33.901763,-118.368292,327215,True,False
110055797669,FARLOWS SCIENTIFIC GLASSBLOWING INC,39.22516,-121.03719,327215,True,False
110070315398,THE GLASS FORGE GALLERY & STUDIO LLC,42.44016,-123.33105,327215,True,False
110044961832,SAINT-GOBAIN SOLAR GLASS,33.406739,-112.426771,327215,True,False
110022921668,ADIN INC,34.12961,-118.2611,327215,True,False
110054282049,GLASS TECHNOLOGY ENTERPRISES C,37.02024,-121.57436,327215,True,False
110070427515,PULP STUDIO INC,33.905527,-118.315093,327215,True,False
110070589657,ALTIMAGES INC,33.86825,-118.305892,327215,True,False
110031421423,CARDINAL CG,38.27101,-121.3084,327215,True,False
110070469643,OLDCASTLE BUILDING ENVELOPE,37.5084,-121.9956,327215,True,False
110071720245,HERAEUS AMERSIL INC,37.49139,-121.95121,327215,True,False
110070469643,OLDCASTLE BUILDING ENVELOPE,37.5084,-121.9956,327215,True,False
110070413670,TRULITE WSG LLC,37.517717,-121.945043,327215,True,False
110070328111,CORNERSTONE GLASS INC,44.05764,-123.109027,327215,True,False
110070316021,SKY COOPER,44.04554,-123.15357,327215,True,False
110066626333,REFLECTION STUDIOS INC,37.842989,-122.290592,327215,True,False
110002661940,BACCHUS PRESS INC,37.84806,-122.29057,327215,True,False
110041030862,ACE MERCHANDISE CORP  AKG IND,33.85994,-118.21101,327215,True,False
110002930348,CARDINAL CT COMPANY,38.45793,-121.81719,327215,True,False
110001721860,TOPPERSCOT INC,39.67413,-105.00175,327215,True,False
110043422882,OLD CASTLE  BUILDING GLASS,39.76882,-104.85826,327215,True,False
110001721860,TOPPERSCOT INC,39.67413,-105.00175,327215,True,False
110070282590,"ARIZONA SHOWER DOORS OF COLORADO, LLC",39.76966,-104.84293,327215,True,False
110001721860,TOPPERSCOT INC,39.67413,-105.00175,327215,True,False
110070480352,LIBERTY GLASS FABRICATORS INC,33.888411,-117.596725,327215,True,False
110070408646,CITY OF CONCORD PRINTING SERVICES DEPT,37.98407,-122.028091,327215,True,False
110071778373,N-DIMENSIONAL STUDIOS,33.90998,-118.22102,327215,True,False
110003685904,HEAD WEST INC,33.88938,-118.26429,327215,True,False
110031404102,HEAD WEST INC,33.91635,-118.2532,327215,True,False
110010478303,HEAD WEST INCORPORATED,33.91633,-118.25201,327215,True,False
110071776375,DOWNEY GLASS CO  SDI OPERATING,33.99994,-118.15106,327215,True,False
110070317051,PACIFIC VIAL MANUFACTURING INC,33.990696,-118.126715,327215,True,False
110055846919,AMERICAN SHOWER DOOR,33.98079,-118.13976,327215,True,False
110001434902,CURRENT MEDIA GROUP - WOODMEN,38.932367,-104.81822,327215,True,False
110001397952,CURRENT USA INC - STONE,38.881363,-104.815924,327215,True,False
110064925531,KING PRECISION GLASS INC,34.09277,-117.71982,327215,True,False
110064925531,KING PRECISION GLASS INC,34.09277,-117.71982,327215,True,False
110012438683,GARNER GLASS,34.09278,-117.71929,327215,True,False
110012438683,GARNER GLASS,34.09278,-117.71929,327215,True,False
110070095302,TRULITE GLASS & ALUMINUM SOLUTIONS,33.998684,-117.87662,327215,True,False
110070410933,TRULITE GLASS & ALLUMINUM SOLUTIONS,33.999045,-117.877937,327215,True,False
110070487858,PRL GLASS SYSYEMS INC,34.047378,-117.986722,327215,True,False
110002633115,STANLEY WORKS CHATSWORTH FACILITY,34.24637,-118.59614,327215,True,False
110002633115,STANLEY WORKS CHATSWORTH FACILITY,34.24637,-118.59614,327215,True,False
110002633115,STANLEY WORKS CHATSWORTH FACILITY,34.24637,-118.59614,327215,True,False
110024558557,MILGARD MANUFACTURING,33.30703,-111.96865,327215,True,False
110071334072,PRECISION GLASS BLOWING,39.581946,-104.816934,327215,True,False
110070298393,CARDINAL CG,32.88403,-111.77943,327215,True,False
110070298393,CARDINAL CG,32.88403,-111.77943,327215,True,False
110000783787,AVALON GLASS & MIRROR CO,33.885999,-118.264424,327215,True,False
110070311046,317719593 - JAMES M KINGWELL,45.88999,-123.96151,327215,True,False
110031001742,POTTERS INDUSTRIES,45.260867,-122.705679,327215,True,False
110070453763,COLORPRINT,37.596186,-122.369762,327215,True,False
110066794268,US LABEL CORP,34.19059,-118.34486,327215,True,False
110070557910,CARDINAL GLASS,33.388276,-112.57365,327215,True,False
110071318164,TYNT TECHNOLOGIES INC,40.018921,-105.220827,327215,True,False
110070295124,"D&A GLASS COMPANY, INC.",43.57837,-116.29013,327215,True,False
110070488065,BERKELEY SCREEN PRINT,37.870828,-122.278025,327215,True,False
110066573577,ADAMS & CHITTENDEN SCIENTIFIC GLASS COOP,37.85602,-122.29118,327215,True,False
110066573577,ADAMS & CHITTENDEN SCIENTIFIC GLASS COOP,37.85602,-122.29118,327215,True,False
110055007843,OLDCASTLE BUILDINGENVELOPE VANCOUVER,45.76859,-122.52157,327215,True,False
110070412715,LASERGLASS ART CORPORATION,34.114251,-117.921335,327215,True,False
110070288151,"MANKO WINDOW SYSTEMS, INC.",39.74915,-104.7835,327215,True,False
110070288151,"MANKO WINDOW SYSTEMS, INC.",39.74915,-104.7835,327215,True,False
110012701059,LAMPS BY HILLIARD,40.87206,-124.09275,327215,True,False
110066642636,CPR AQUATIC INC,40.892236,-124.080276,327215,True,False
110070316057,JEWEL KADE HOLDINGS LLC,40.448938,-111.777887,327215,True,False
110012157469,QUARTZ INTERNATIONAL NEW MEXICO,35.144054,-106.603492,327215,True,False
110012157469,QUARTZ INTERNATIONAL NEW MEXICO,35.144054,-106.603492,327215,True,False
110070287778,HOSKIN & MUIR INC,21.37313,-157.90189,327215,False,False
